URL,Version,Status,OIDs,Name,Title,Description,Used
http://dicom.nema.org/resources/ontology/DCM,01,active,"1.2.840.10008.2.16.4",DICOM Controlled Terminology Definitions,,"DICOM Code Definitions (Coding Scheme Designator ""DCM"" Coding Scheme Version ""01"")","ValueSet/dicom-cid-18-RadiopharmaceuticalIsotope,ValueSet/dicom-cid-25-Radiopharmaceutical,ValueSet/dicom-cid-4021-PETRadiopharmaceutical,ValueSet/dicom-cid-33-Modality,ValueSet/dicom-cid-4020-PETRadionuclide"
http://fhir.de/CodeSystem/bfarm/atc,null,active,,Atc,ATC,"ATC Platzhalter-CodeSystem","ValueSet/mii-vs-medikation-atc"
http://fhir.de/CodeSystem/bfarm/icd-10-gm,null,active,,ICD10GM,ICD-10-GM,"ICD-10-GM Platzhalter-CodeSystem","ValueSet/valueset-ICD-10-GM"
http://fhir.de/CodeSystem/bfarm/ops,null,active,,OPS,OPS,"OPS Platzhalter-CodeSystem","ValueSet/mii-vs-prozedur-ops"
http://hl7.org/fhir/care-plan-activity-status,4.0.1,draft,"2.16.840.1.113883.4.642.4.147",CarePlanActivityStatus,CarePlanActivityStatus,"Codes that reflect the current state of a care plan activity within its overall life cycle.","ValueSet/care-plan-activity-status"
http://hl7.org/fhir/composition-attestation-mode,4.0.1,draft,"2.16.840.1.113883.4.642.4.239",CompositionAttestationMode,CompositionAttestationMode,"The way in which a person authenticated a composition.","ValueSet/composition-attestation-mode"
http://hl7.org/fhir/composition-status,4.0.1,draft,"2.16.840.1.113883.4.642.4.242",CompositionStatus,CompositionStatus,"The workflow/clinical status of the composition.","ValueSet/composition-status"
http://hl7.org/fhir/device-nametype,4.0.1,draft,"2.16.840.1.113883.4.642.4.1084",DeviceNameType,DeviceNameType,"The type of name the device is referred by.","ValueSet/device-nametype"
http://hl7.org/fhir/device-status,4.0.1,draft,"2.16.840.1.113883.4.642.4.210",FHIRDeviceStatus,FHIRDeviceStatus,"The availability status of the device.","ValueSet/device-status"
http://hl7.org/fhir/diagnostic-report-status,4.0.1,draft,"2.16.840.1.113883.4.642.4.236",DiagnosticReportStatus,DiagnosticReportStatus,"The status of the diagnostic report.","ValueSet/diagnostic-report-status"
http://hl7.org/fhir/document-relationship-type,4.0.1,draft,"2.16.840.1.113883.4.642.4.245",DocumentRelationshipType,DocumentRelationshipType,"The type of relationship between documents.","ValueSet/document-relationship-type"
http://hl7.org/fhir/event-status,4.0.1,draft,"2.16.840.1.113883.4.642.4.110",EventStatus,EventStatus,"Codes identifying the lifecycle stage of an event.","ValueSet/event-status"
http://hl7.org/fhir/imagingstudy-status,4.0.1,draft,"2.16.840.1.113883.4.642.4.991",ImagingStudyStatus,ImagingStudyStatus,"The status of the ImagingStudy.","ValueSet/imagingstudy-status"
http://hl7.org/fhir/list-mode,4.0.1,draft,"2.16.840.1.113883.4.642.4.319",ListMode,ListMode,"The processing mode that applies to this list.","ValueSet/list-mode"
http://hl7.org/fhir/observation-status,4.0.1,active,"2.16.840.1.113883.4.642.4.401",ObservationStatus,ObservationStatus,"Codes providing the status of an observation.","ValueSet/observation-status"
http://hl7.org/fhir/quantity-comparator,4.0.1,active,"2.16.840.1.113883.4.642.4.60",QuantityComparator,QuantityComparator,"How the Quantity should be understood and represented.","ValueSet/quantity-comparator"
http://hl7.org/fhir/request-intent,4.0.1,draft,"2.16.840.1.113883.4.642.4.114",RequestIntent,RequestIntent,"Codes indicating the degree of authority/intentionality associated with a request.","ValueSet/request-intent,ValueSet/care-plan-intent"
http://hl7.org/fhir/request-priority,4.0.1,draft,"2.16.840.1.113883.4.642.4.116",RequestPriority,RequestPriority,"Identifies the level of importance to be assigned to actioning the request.","ValueSet/request-priority"
http://hl7.org/fhir/request-status,4.0.1,draft,"2.16.840.1.113883.4.642.4.112",RequestStatus,RequestStatus,"Codes identifying the lifecycle stage of a request.","ValueSet/request-status"
http://hl7.org/fhir/resource-types,4.0.1,active,,ResourceType,ResourceType,"One of the resource types defined as part of this version of FHIR.","ValueSet/resource-types,ValueSet/care-plan-activity-kind"
http://hl7.org/fhir/udi-entry-type,4.0.1,draft,"2.16.840.1.113883.4.642.4.212",UDIEntryType,UDIEntryType,"Codes to identify how UDI data was entered.","ValueSet/udi-entry-type"
http://loinc.org,3.1.0,active,"2.16.840.1.113883.6.1",LOINC,Logical Observation Identifiers, Names and Codes (LOINC),"LOINC provides a set of universal names and ID codes for identifying laboratory and clinical test results.1,2 LOINC facilitates the exchange and pooling of results, such as blood hemoglobin, serum potassium, or vital signs, for clinical care, outcomes management, and research. LOINC's universal identifiers (names and codes) can be used in the context of order and observation exchanges between information systems that use syntax standards such as HL73, CEN TC251, ISO TC215, ASTM4, and DICOM. Specifically, the identifier can be used as the coded value for an observation in any other standard that uses the observation/observation value paradigm, whether messages, documents, application programming interface (API), etc. For example, LOINC codes are used widely in the OBX segment Observation Identifier field (OBX-3) of an ORU HL7 (HL7 version 2.x or ASTM 1238-9410) message that may be sent between a Clinical Laboratory Information Management Systems (LIMS) and Electronic Health Record Systems (EHR).5, 6 In this way, LOINC codes provide universal identifiers that allow the exchange of clinical data between heterogeneous computing environments.","ValueSet/loinc-rsna-radiology-playbook,ValueSet/report-codes,ValueSet/mii-vs-bildgebung-diagnostic-report-code-lnc,ValueSet/mii-vs-bildgebung-findings-lnc,ValueSet/observation-codes,ValueSet/document-classcodes,ValueSet/doc-section-codes,ValueSet/doc-typecodes"
http://snomed.info/sct,null,active,"2.16.840.1.113883.6.96",SNOMED_CT,SNOMED CT (all versions),"SNOMED CT is the most comprehensive and precise clinical health terminology product in the world, owned and distributed around the world by The International Health Terminology Standards Development Organisation (IHTSDO).","ValueSet/servicerequest-category,ValueSet/device-type,ValueSet/clinical-findings,ValueSet/mii-vs-bildgebung-service-request-code-sct,ValueSet/participant-role,ValueSet/mii-vs-bildgebung-diagnostic-report-code-sct,ValueSet/target-site-uv-ips,ValueSet/approach-site-codes,ValueSet/procedure-followup,ValueSet/mii-vs-prozedur-opskategorien-snomedct,ValueSet/mii-vs-prozedur-prozeduren-snomedct,ValueSet/device-action,ValueSet/mii-vs-bildgebung-observation-body-site-sct,ValueSet/medication-codes,ValueSet/body-site,ValueSet/mii-vs-bildgebung-imaging-procedure-code-sct,ValueSet/procedure-code,ValueSet/reason-medication-not-given-codes,ValueSet/bodystructure-code,ValueSet/medication-as-needed-reason,ValueSet/dicom-cid-4020-PETRadionuclide,ValueSet/device-kind,ValueSet/performer-role,ValueSet/referencerange-appliesto,ValueSet/route-codes,ValueSet/care-plan-activity-outcome,ValueSet/procedure-reason,ValueSet/procedure-outcome,ValueSet/dicom-cid-244-Laterality,ValueSet/procedure-category,ValueSet/condition-code,ValueSet/dicom-cid-25-Radiopharmaceutical,ValueSet/dicom-cid-18-RadiopharmaceuticalIsotope,ValueSet/procedure-not-performed-reason,ValueSet/dicom-cid-4021-PETRadiopharmaceutical,ValueSet/observation-methods,ValueSet/care-plan-category,ValueSet/mii-vs-bildgebung-findings-sct,ValueSet/servicerequest-orderdetail,ValueSet/administration-method-codes,ValueSet/mii-vs-prozedur-durchfuehrungsabsicht-snomedct"
http://terminology.hl7.org/CodeSystem/common-tags,1.0.1,active,"2.16.840.1.113883.4.642.1.1067",CommonTags,Common Tags,"Common Tag Codes defined by FHIR project","ValueSet/common-tags"
http://terminology.hl7.org/CodeSystem/data-absent-reason,2.0.0,active,"2.16.840.1.113883.4.642.4.1048",DataAbsentReason,DataAbsentReason,"Used to specify why the normally expected content of the data element is missing.","ValueSet/data-absent-reason"
http://terminology.hl7.org/CodeSystem/device-status-reason,3.0.0,active,"2.16.840.1.113883.4.642.1.1082",FHIRDeviceStatusReason,FHIRDeviceStatusReason,"The availability status reason of the device.","ValueSet/device-status-reason"
http://terminology.hl7.org/CodeSystem/list-empty-reason,1.0.1,active,"2.16.840.1.113883.4.642.1.1106",ListEmptyReasons,List Empty Reasons,"General reasons for a list to be empty. Reasons are either related to a summary list (i.e. problem or medication list) or to a workflow related list (i.e. consultation list).","ValueSet/list-empty-reason"
http://terminology.hl7.org/CodeSystem/list-order,2.0.0,active,"2.16.840.1.113883.4.642.1.1107",ListOrderCodes,List Order Codes,"Base values for the order of item lists in resources.","ValueSet/list-order"
http://terminology.hl7.org/CodeSystem/med-admin-perform-function,1.0.1,active,"2.16.840.1.113883.4.642.1.1112",MedicationAdministrationPerformerFunctionCodes,MedicationAdministration Performer Function Codes,"MedicationAdministration Performer Function Codes","ValueSet/med-admin-perform-function"
http://terminology.hl7.org/CodeSystem/medication-admin-category,4.0.1,draft,"2.16.840.1.113883.4.642.4.1111",MedicationAdministration Category Codes,Medication administration  category  codes,"MedicationAdministration Category Codes","ValueSet/medication-admin-category"
http://terminology.hl7.org/CodeSystem/medication-admin-status,4.0.1,draft,"2.16.840.1.113883.4.642.4.1311",MedicationAdministration Status Codes,Medication administration  status  codes,"MedicationAdministration Status Codes","ValueSet/medication-admin-status"
http://terminology.hl7.org/CodeSystem/observation-category,2.0.0,active,"2.16.840.1.113883.4.642.1.1125",ObservationCategoryCodes,Observation Category Codes,"Observation Category codes.","ValueSet/observation-category"
http://terminology.hl7.org/CodeSystem/reason-medication-given,1.0.1,active,"2.16.840.1.113883.4.642.1.1110",ReasonMedicationGivenCodes,Reason Medication Given Codes,"This value set is provided as an example. The value set to instantiate this attribute should be drawn from a robust terminology code system that consists of or contains concepts to support the medication process.","ValueSet/reason-medication-given-codes"
http://terminology.hl7.org/CodeSystem/referencerange-meaning,1.0.1,active,"2.16.840.1.113883.4.642.1.1124",ObservationReferenceRangeMeaningCodes,Observation Reference Range Meaning Codes,"This value set defines a set of codes that can be used to indicate the meaning/use of a reference range for a particular target population.","ValueSet/referencerange-meaning"
http://terminology.hl7.org/CodeSystem/v2-0074,3.0.0,active,"2.16.840.1.113883.18.29",DiagnosticServiceSectionId,diagnosticServiceSectionId,"HL7-defined code system of concepts which specify a section of a diagnostic service where the observation may be performed.  Used in HL7 Version 2.x messaging in the OBR and OM4 segments.","ValueSet/diagnostic-service-sections"
http://terminology.hl7.org/CodeSystem/v3-ActCode,11.0.0,active,"2.16.840.1.113883.5.4",ActCode,ActCode,"A code specifying the particular kind of Act that the Act-instance represents within its class.    *Constraints:* The kind of Act (e.g. physical examination, serum potassium, inpatient encounter, charge financial transaction, etc.) is specified with a code from one of several, typically external, coding systems. The coding system will depend on the class of Act, such as LOINC for observations, etc.    Conceptually, the Act.code must be a specialization of the Act.classCode. This is why the structure of ActClass domain should be reflected in the superstructure of the ActCode domain and then individual codes or externally referenced vocabularies subordinated under these domains that reflect the ActClass structure.    Act.classCode and Act.code are not modifiers of each other but the Act.code concept should really imply the Act.classCode concept. For a negative example, it is not appropriate to use an Act.code ""potassium"" together with and Act.classCode for ""laboratory observation"" to somehow mean ""potassium laboratory observation"" and then use the same Act.code for ""potassium"" together with Act.classCode for ""medication"" to mean ""substitution of potassium"". This mutually modifying use of Act.code and Act.classCode is not permitted.","ValueSet/v3-ActCode"
http://terminology.hl7.org/CodeSystem/v3-Confidentiality,5.0.0,active,"2.16.840.1.113883.5.25",Confidentiality,Confidentiality,"A set of codes specifying the security classification of acts and roles in accordance with the definition for concept domain ""Confidentiality"".","ValueSet/v3-ConfidentialityClassification"
http://terminology.hl7.org/CodeSystem/v3-ObservationInterpretation,4.0.0,active,"2.16.840.1.113883.5.83",ObservationInterpretation,ObservationInterpretation,"One or more codes providing a rough qualitative interpretation of the observation, such as ""normal"" / ""abnormal"", ""low"" / ""high"", ""better"" / ""worse"", ""resistant"" / ""susceptible"", ""expected"" / ""not expected"". The value set is intended to be for ANY use where coded representation of an interpretation is needed.","ValueSet/observation-interpretation"
http://terminology.hl7.org/CodeSystem/v3-ParticipationType,7.0.0,active,"2.16.840.1.113883.5.90",ParticipationType,ParticipationType,"A code specifying the meaning and purpose of every Participation instance. Each of its values implies specific constraints on the Roles undertaking the participation.","ValueSet/series-performer-function"
http://terminology.hl7.org/CodeSystem/v3-RoleCode,4.0.0,active,"2.16.840.1.113883.5.111",RoleCode,RoleCode,"A set of codes further specifying the kind of Role; specific classification codes for further qualifying RoleClass codes.","ValueSet/v3-ServiceDeliveryLocationRoleType"
http://unitsofmeasure.org,3.0.1,active,,UCUM,Unified Code for Units of Measure (UCUM),"The Unified Code for Units of Measure (UCUM) is a code system intended to include all units of measures being contemporarily used in international science, engineering, and business. The purpose is to facilitate unambiguous electronic communication of quantities together with their units. The focus is on electronic communication, as opposed to communication between humans. A typical application of The Unified Code for Units of Measure are electronic data interchange (EDI) protocols, but there is nothing that prevents it from being used in other types of machine communication.","ValueSet/dicom-cid-84-PETUnit"
https://www.medizininformatik-initiative.de/fhir/ext/modul-bildgebung/CodeSystem/mii-cs-bildgebung-instance-image-type,2027.0.0-ballot,active,,MII_CS_Bildgebung_Instance_Image_Type,MII CS Bildgebung Instance Image Type,"Image type für Radiologische Bilder","ValueSet/mii-vs-bildgebung-instance-image-type-mr,ValueSet/mii-vs-bildgebung-instance-image-type-patient-examination,ValueSet/mii-vs-bildgebung-instance-image-type-nm-implementation,ValueSet/mii-vs-bildgebung-instance-image-type-us,ValueSet/mii-vs-bildgebung-instance-image-type-nm,ValueSet/mii-vs-bildgebung-instance-image-type-us-implementation,ValueSet/mii-vs-bildgebung-instance-image-type-pixel-data,ValueSet/mii-vs-bildgebung-instance-image-type-ct"
https://www.medizininformatik-initiative.de/fhir/ext/modul-bildgebung/CodeSystem/mii-cs-bildgebung-scanning-sequence,2027.0.0-ballot,active,,MII_CS_Bildgebung_Scanning_Sequence,MII CS Bildgebung Scanning Sequence,"Scanning Sequence für MR Untersuchungen","ValueSet/mii-vs-bildgebung-mr-scanning-sequence"
https://www.medizininformatik-initiative.de/fhir/ext/modul-bildgebung/CodeSystem/mii-cs-bildgebung-scanning-sequence-variant,2027.0.0-ballot,active,,MII_CS_Bildgebung_Scanning_Sequence_Variant,MII CS Bildgebung Scanning Sequence Variant,"Scanning Sequence Varianten für MR Untersuchungen","ValueSet/mii-vs-bildgebung-mr-scanning-sequence-variant"
https://www.medizininformatik-initiative.de/fhir/ext/modul-bildgebung/CodeSystem/mii-cs-bildgebung-series-type,2027.0.0-ballot,active,,MII_CS_Bildgebung_Series_Type,MII CS Bildgebung Series Type,"Series Type für PET Untersuchungen","ValueSet/mii-vs-bildgebung-pt-series-type-volumetric,ValueSet/mii-vs-bildgebung-pt-series-type-spacial"
https://www.medizininformatik-initiative.de/fhir/ext/modul-bildgebung/CodeSystem/mii-cs-bildgebung-transducer-type,2027.0.0-ballot,active,,MII_CS_Bildgebung_Transducer_Type,MII CS Bildgebung Transducer Type,"Schallkopftyp für US Untersuchungen","ValueSet/mii-vs-bildgebung-us-transducer-type"
urn:ietf:bcp:47,2.0.1,active,,Ietf3066,Tags for the Identification of Languages,"Older value from OID registry.  Superceded; see recommendations in BCP-47.","ValueSet/languages"
