id	layer	check	verdict	subject	evidence	autofix	action
C1-b8c46f	conservation	C1	IDENTISCH	72 source artefacts	all present in fsh-generated, matched by id or canonical url (source: fsh-generated/resources)	-	-
C2-82d250	conservation	C2	IDENTISCH	output/de (73 artefacts)	every generated resource is rendered and listed in artifacts.html	-	-
C2-abb7e3	conservation	C2	IDENTISCH	output/en (73 artefacts)	every generated resource is rendered and listed in artifacts.html	-	-
C3-2e4ab3	conservation	C3	IDENTISCH	BeschreibungvonSzenarienfrdieAnwendungderModule.page.md	migrated -> input/pagecontent/guidance.md (input/pagecontent/guidance.md)	-	-
C3-44193b	conservation	C3	IDENTISCH	Datensaetze_inkl._Beschreibungen.page.md	migrated -> input/pagecontent/logical-models.md (input/pagecontent/logical-models.md)	-	-
C3-d2d566	conservation	C3	IDENTISCH	AnwendungsflleInformationsmodell/Index.page.md	retired: Quellseite absichtlich leer ("Diese Seite wurde absichtlich leer gelassen") — kein Inhalt zu migrieren (agent-korrigiert, Gate-B-Review ausstehend)	-	-
C3-38beb1	conservation	C3	IDENTISCH	UML/Index.page.md	migrated -> input/pagecontent/uml-diagrams.md (input/pagecontent/uml-diagrams.md)	-	-
C3-062bea	conservation	C3	IDENTISCH	UML_Befund.page.md	migrated -> input/pagecontent/uml-diagrams.md (input/pagecontent/uml-diagrams.md)	-	-
C3-9a1bfb	conservation	C3	IDENTISCH	UML_Meta.page.md	migrated -> input/pagecontent/uml-diagrams.md (input/pagecontent/uml-diagrams.md)	-	-
C3-1d126d	conservation	C3	IDENTISCH	BeschreibungModul.page.md	migrated -> input/pagecontent/index.md (input/pagecontent/index.md)	-	-
C3-f3700c	conservation	C3	IDENTISCH	MIIIGModulBildgebung/Index.page.md	migrated -> input/pagecontent/index.md (input/pagecontent/index.md)	-	-
C3-c7063c	conservation	C3	IDENTISCH	KontextimGesamtprojektBezgezuanderenModulen.page.md	migrated -> input/pagecontent/implementer-guidance.md (input/pagecontent/implementer-guidance.md)	-	-
C3-b75bba	conservation	C3	IDENTISCH	Referenzen.page.md	migrated -> input/pagecontent/implementer-guidance.md (input/pagecontent/implementer-guidance.md)	-	-
C3-126e79	conservation	C3	IDENTISCH	Release-Notes.page.md	migrated -> input/pagecontent/changes.md (input/pagecontent/changes.md)	-	-
C3-32eff4	conservation	C3	IDENTISCH	CapabilityStatement.page.md	migrated -> input/pagecontent/capability-statements.md (input/pagecontent/capability-statements.md)	-	-
C3-d58f1b	conservation	C3	IDENTISCH	Conformance.page.md	retired: MII-weiter Conformance-Boilerplate (Conformance verbs, Must Support, Fehlende Daten) — Cluster ist link-only zum Meta-Modul (spec 9a: MII-wide conformance rules are NOT restated in a module); Menue verlinkt die kanonische Quelle (agent-korrigiert, Gate-B-Review ausstehend) TODO:REVIEW Gate B	-	-
C3-305284	conservation	C3	IDENTISCH	BodyStructure.page.md	migrated -> input/intro-notes/StructureDefinition-mii-pr-bildgebung-koerperstruktur-intro.md (input/intro-notes/StructureDefinition-mii-pr-bildgebung-koerperstruktur-intro.md)	-	-
C3-513156	conservation	C3	IDENTISCH	CarePlan.page.md	migrated -> input/intro-notes/StructureDefinition-mii-pr-bildgebung-behandlungsempfehlung-intro.md (input/intro-notes/StructureDefinition-mii-pr-bildgebung-behandlungsempfehlung-intro.md)	-	-
C3-2db2b3	conservation	C3	IDENTISCH	Composition.page.md	migrated -> input/intro-notes/StructureDefinition-mii-pr-bildgebung-semistrukt-befundbericht-intro.md (input/intro-notes/StructureDefinition-mii-pr-bildgebung-semistrukt-befundbericht-intro.md)	-	-
C3-28ab82	conservation	C3	IDENTISCH	ContrastAdministration.page.md	migrated -> input/intro-notes/StructureDefinition-mii-pr-bildgebung-kontrastmittelgabe-intro.md (input/intro-notes/StructureDefinition-mii-pr-bildgebung-kontrastmittelgabe-intro.md)	-	-
C3-6bfb37	conservation	C3	IDENTISCH	Device.page.md	migrated -> input/intro-notes/StructureDefinition-mii-pr-bildgebung-geraet-intro.md (input/intro-notes/StructureDefinition-mii-pr-bildgebung-geraet-intro.md)	-	-
C3-dada0d	conservation	C3	IDENTISCH	DiagnosticReport.page.md	migrated -> input/intro-notes/StructureDefinition-mii-pr-bildgebung-radiologischer-befund-intro.md (input/intro-notes/StructureDefinition-mii-pr-bildgebung-radiologischer-befund-intro.md)	-	-
C3-02209e	conservation	C3	IDENTISCH	ImagingProcedure.page.md	migrated -> input/intro-notes/StructureDefinition-mii-pr-bildgebung-bildgebungsprozedur-intro.md (input/intro-notes/StructureDefinition-mii-pr-bildgebung-bildgebungsprozedur-intro.md)	-	-
C3-c99a99	conservation	C3	IDENTISCH	Extension-CT.page.md	migrated -> input/intro-notes/StructureDefinition-mii-ex-bildgebung-modalitaet-ct-intro.md (input/intro-notes/StructureDefinition-mii-ex-bildgebung-modalitaet-ct-intro.md)	-	-
C3-58a242	conservation	C3	IDENTISCH	Extension-Height.page.md	migrated -> input/intro-notes/StructureDefinition-mii-ex-bildgebung-groesse-intro.md (input/intro-notes/StructureDefinition-mii-ex-bildgebung-groesse-intro.md)	-	-
C3-a7983d	conservation	C3	IDENTISCH	Extension-ImagingReason.page.md	migrated -> input/intro-notes/StructureDefinition-mii-ex-bildgebung-bildgebungsgrund-intro.md (input/intro-notes/StructureDefinition-mii-ex-bildgebung-bildgebungsgrund-intro.md)	-	-
C3-41d25e	conservation	C3	IDENTISCH	Extension-MG_CR_DX.page.md	migrated -> input/intro-notes/StructureDefinition-mii-ex-bildgebung-modalitaet-mg-cr-dx-intro.md (input/intro-notes/StructureDefinition-mii-ex-bildgebung-modalitaet-mg-cr-dx-intro.md)	-	-
C3-4fb526	conservation	C3	IDENTISCH	Extension-MR.page.md	migrated -> input/intro-notes/StructureDefinition-mii-ex-bildgebung-modalitaet-mr-intro.md (input/intro-notes/StructureDefinition-mii-ex-bildgebung-modalitaet-mr-intro.md)	-	-
C3-78fb2d	conservation	C3	IDENTISCH	Extension-NM.page.md	migrated -> input/intro-notes/StructureDefinition-mii-ex-bildgebung-modalitaet-nm-intro.md (input/intro-notes/StructureDefinition-mii-ex-bildgebung-modalitaet-nm-intro.md)	-	-
C3-1a2b9b	conservation	C3	IDENTISCH	Extension-PT.page.md	migrated -> input/intro-notes/StructureDefinition-mii-ex-bildgebung-modalitaet-pt-intro.md (input/intro-notes/StructureDefinition-mii-ex-bildgebung-modalitaet-pt-intro.md)	-	-
C3-c882f3	conservation	C3	IDENTISCH	Extension-US.page.md	migrated -> input/intro-notes/StructureDefinition-mii-ex-bildgebung-modalitaet-us-intro.md (input/intro-notes/StructureDefinition-mii-ex-bildgebung-modalitaet-us-intro.md)	-	-
C3-4ab633	conservation	C3	IDENTISCH	Extension-Weight.page.md	migrated -> input/intro-notes/StructureDefinition-mii-ex-bildgebung-gewicht-intro.md (input/intro-notes/StructureDefinition-mii-ex-bildgebung-gewicht-intro.md)	-	-
C3-a02b34	conservation	C3	IDENTISCH	Extension-instance-details.page.md	migrated -> input/intro-notes/StructureDefinition-mii-ex-bildgebung-instanz-details-intro.md (input/intro-notes/StructureDefinition-mii-ex-bildgebung-instanz-details-intro.md)	-	-
C3-e34c92	conservation	C3	IDENTISCH	Extension-series-contrast.page.md	migrated -> input/intro-notes/StructureDefinition-mii-ex-bildgebung-kontrastmittel-intro.md (input/intro-notes/StructureDefinition-mii-ex-bildgebung-kontrastmittel-intro.md)	-	-
C3-dee4fe	conservation	C3	IDENTISCH	Extension-series-sliceThickness.page.md	migrated -> input/intro-notes/StructureDefinition-mii-ex-bildgebung-serie-schichtdicke-intro.md (input/intro-notes/StructureDefinition-mii-ex-bildgebung-serie-schichtdicke-intro.md)	-	-
C3-19aaa9	conservation	C3	IDENTISCH	ImagingStudy/Index.page.md	migrated -> input/intro-notes/StructureDefinition-mii-pr-bildgebung-bildgebungsstudie-intro.md (input/intro-notes/StructureDefinition-mii-pr-bildgebung-bildgebungsstudie-intro.md)	-	-
C3-880292	conservation	C3	IDENTISCH	FHIR-Profile/Index.page.md	migrated -> input/pagecontent/profiles.md (input/pagecontent/profiles.md)	-	-
C3-6ec21e	conservation	C3	IDENTISCH	Messung/Extension-SOPInstanceUID.page.md	migrated -> input/intro-notes/StructureDefinition-mii-ex-bildgebung-sop-instanz-uid-intro.md (input/intro-notes/StructureDefinition-mii-ex-bildgebung-sop-instanz-uid-intro.md)	-	-
C3-49aee3	conservation	C3	IDENTISCH	Messung/Extension-SeriesUID.page.md	migrated -> input/intro-notes/StructureDefinition-mii-ex-bildgebung-serie-uid-intro.md (input/intro-notes/StructureDefinition-mii-ex-bildgebung-serie-uid-intro.md)	-	-
C3-6bd3e3	conservation	C3	IDENTISCH	Messung/Index.page.md	migrated -> input/intro-notes/StructureDefinition-mii-pr-bildgebung-radiologische-messung-intro.md (input/intro-notes/StructureDefinition-mii-pr-bildgebung-radiologische-messung-intro.md)	-	-
C3-8be5d3	conservation	C3	IDENTISCH	Observation/Extension-SOPInstanceUID.page.md	migrated -> input/intro-notes/StructureDefinition-mii-ex-bildgebung-sop-instanz-uid-intro.md (input/intro-notes/StructureDefinition-mii-ex-bildgebung-sop-instanz-uid-intro.md)	-	-
C3-2ecead	conservation	C3	IDENTISCH	Observation/Extension-SeriesUID.page.md	migrated -> input/intro-notes/StructureDefinition-mii-ex-bildgebung-serie-uid-intro.md (input/intro-notes/StructureDefinition-mii-ex-bildgebung-serie-uid-intro.md)	-	-
C3-261594	conservation	C3	IDENTISCH	Observation/Index.page.md	migrated -> input/intro-notes/StructureDefinition-mii-pr-bildgebung-radiologische-beobachtung-intro.md (input/intro-notes/StructureDefinition-mii-pr-bildgebung-radiologische-beobachtung-intro.md)	-	-
C3-fb0c3f	conservation	C3	IDENTISCH	ReadProcedure.page.md	migrated -> input/intro-notes/StructureDefinition-mii-pr-bildgebung-radiologische-befundungsprozedur-intro.md (input/intro-notes/StructureDefinition-mii-pr-bildgebung-radiologische-befundungsprozedur-intro.md)	-	-
C3-c4e740	conservation	C3	IDENTISCH	ServiceRequest.page.md	migrated -> input/intro-notes/StructureDefinition-mii-pr-bildgebung-anforderung-bildgebung-intro.md (input/intro-notes/StructureDefinition-mii-pr-bildgebung-anforderung-bildgebung-intro.md)	-	-
C3-a05594	conservation	C3	IDENTISCH	TNMRadiologicalReadProcedure.page.md	retired: Profil mii-pr-bildgebung-TNM-radiologische-befundungsprozedur wurde auf main entfernt (Commit "Delete TNM Procedure Draft Profile", 2026-08-14) — Seite ist verwaist, kein Zielartefakt (agent-korrigiert, Gate-B-Review ausstehend) TODO:REVIEW Gate B	-	-
C3-2fe7d8	conservation	C3	IDENTISCH	TechnischeImplementierung/Index.page.md	retired: Quellseite absichtlich leer ("Diese Seite wurde absichtlich leer gelassen") — kein Inhalt zu migrieren (agent-korrigiert, Gate-B-Review ausstehend)	-	-
C3-d04b32	conservation	C3	IDENTISCH	Terminologien.page.md	migrated -> input/pagecontent/code-systems.md (input/pagecontent/code-systems.md)	-	-
C4-7b2767	conservation	C4	NICHT PRUEFBAR	AnwendungsflleInformationsmodell/Index.page.md	the source page carries NO prose -- 0 generated table row(s) only	-	conservation of a generated view is not a text question; confirm the artefact page replaces it (R1)
C4-811435	conservation	C4	DIVERGIERT	BeschreibungModul.page.md	1 of 39 PROSE runs of the source page are in no target page (first: Instanzebene Dafür wurde sich an der internationalen FHIR-Re…)	-	map the missing text to a target page section, or record the loss in the report's content map
C4-e4b03b	conservation	C4	IDENTISCH	BeschreibungvonSzenarienfrdieAnwendungderModule.page.md	all 8 prose runs present in the target's de corpus	-	-
C4-34e82c	conservation	C4	NICHT PRUEFBAR	BodyStructure.page.md	the source page embeds an element-tree rendering (5 occurrences of the renderer's marker); 1 of 5 runs are in no target page, but prose and rendered view cannot be told apart in it	-	read the page against its target: migration replaces the VIEW with the artefact page (R1), so only its prose has to be conserved -- and only a human can say which is which here
C4-196ae3	conservation	C4	DIVERGIERT	CapabilityStatement.page.md	3 of 6 PROSE runs of the source page are in no target page (first: ## Um eine dezentrale Datenauswertung mittels des Deutsche F…)	-	map the missing text to a target page section, or record the loss in the report's content map
C4-8c0bc5	conservation	C4	NICHT PRUEFBAR	CarePlan.page.md	the source page embeds an element-tree rendering (5 occurrences of the renderer's marker); 1 of 3 runs are in no target page, but prose and rendered view cannot be told apart in it	-	read the page against its target: migration replaces the VIEW with the artefact page (R1), so only its prose has to be conserved -- and only a human can say which is which here
C4-30264f	conservation	C4	NICHT PRUEFBAR	Composition.page.md	the source page embeds an element-tree rendering (5 occurrences of the renderer's marker); 1 of 4 runs are in no target page, but prose and rendered view cannot be told apart in it	-	read the page against its target: migration replaces the VIEW with the artefact page (R1), so only its prose has to be conserved -- and only a human can say which is which here
C4-0a8096	conservation	C4	DIVERGIERT	Conformance.page.md	25 of 25 PROSE runs of the source page are in no target page (first: # Conformance Diese Seite beschreibt, wie Konformitätsanford…); 9 generated table row(s) excluded -- migration replaces that view with the artefact page (R1 checks THAT)	-	map the missing text to a target page section, or record the loss in the report's content map
C4-c3fd28	conservation	C4	NICHT PRUEFBAR	ContrastAdministration.page.md	the source page embeds an element-tree rendering (5 occurrences of the renderer's marker); 1 of 4 runs are in no target page, but prose and rendered view cannot be told apart in it	-	read the page against its target: migration replaces the VIEW with the artefact page (R1), so only its prose has to be conserved -- and only a human can say which is which here
C4-2e7ff2	conservation	C4	IDENTISCH	Datensaetze_inkl._Beschreibungen.page.md	all 6 prose runs present in the target's de corpus	-	-
C4-d45bc0	conservation	C4	NICHT PRUEFBAR	Device.page.md	the source page embeds an element-tree rendering (5 occurrences of the renderer's marker); 1 of 3 runs are in no target page, but prose and rendered view cannot be told apart in it	-	read the page against its target: migration replaces the VIEW with the artefact page (R1), so only its prose has to be conserved -- and only a human can say which is which here
C4-742da5	conservation	C4	NICHT PRUEFBAR	DiagnosticReport.page.md	the source page embeds an element-tree rendering (5 occurrences of the renderer's marker); 1 of 19 runs are in no target page, but prose and rendered view cannot be told apart in it	-	read the page against its target: migration replaces the VIEW with the artefact page (R1), so only its prose has to be conserved -- and only a human can say which is which here
C4-c50708	conservation	C4	NICHT PRUEFBAR	Extension-CT.page.md	the source page embeds an element-tree rendering (5 occurrences of the renderer's marker); 1 of 5 runs are in no target page, but prose and rendered view cannot be told apart in it	-	read the page against its target: migration replaces the VIEW with the artefact page (R1), so only its prose has to be conserved -- and only a human can say which is which here
C4-382752	conservation	C4	NICHT PRUEFBAR	Extension-Height.page.md	the source page embeds an element-tree rendering (5 occurrences of the renderer's marker); 1 of 3 runs are in no target page, but prose and rendered view cannot be told apart in it	-	read the page against its target: migration replaces the VIEW with the artefact page (R1), so only its prose has to be conserved -- and only a human can say which is which here
C4-5ce2f3	conservation	C4	NICHT PRUEFBAR	Extension-ImagingReason.page.md	the source page embeds an element-tree rendering (5 occurrences of the renderer's marker); 1 of 3 runs are in no target page, but prose and rendered view cannot be told apart in it	-	read the page against its target: migration replaces the VIEW with the artefact page (R1), so only its prose has to be conserved -- and only a human can say which is which here
C4-51125b	conservation	C4	NICHT PRUEFBAR	Extension-MG_CR_DX.page.md	the source page embeds an element-tree rendering (5 occurrences of the renderer's marker); 3 of 6 runs are in no target page, but prose and rendered view cannot be told apart in it	-	read the page against its target: migration replaces the VIEW with the artefact page (R1), so only its prose has to be conserved -- and only a human can say which is which here
C4-cb9ad9	conservation	C4	NICHT PRUEFBAR	Extension-MR.page.md	the source page embeds an element-tree rendering (5 occurrences of the renderer's marker); 1 of 5 runs are in no target page, but prose and rendered view cannot be told apart in it	-	read the page against its target: migration replaces the VIEW with the artefact page (R1), so only its prose has to be conserved -- and only a human can say which is which here
C4-4153c6	conservation	C4	NICHT PRUEFBAR	Extension-NM.page.md	the source page embeds an element-tree rendering (5 occurrences of the renderer's marker); 1 of 15 runs are in no target page, but prose and rendered view cannot be told apart in it	-	read the page against its target: migration replaces the VIEW with the artefact page (R1), so only its prose has to be conserved -- and only a human can say which is which here
C4-b2c1e1	conservation	C4	NICHT PRUEFBAR	Extension-PT.page.md	the source page embeds an element-tree rendering (5 occurrences of the renderer's marker); 1 of 15 runs are in no target page, but prose and rendered view cannot be told apart in it	-	read the page against its target: migration replaces the VIEW with the artefact page (R1), so only its prose has to be conserved -- and only a human can say which is which here
C4-962234	conservation	C4	NICHT PRUEFBAR	Extension-US.page.md	the source page embeds an element-tree rendering (5 occurrences of the renderer's marker); 1 of 5 runs are in no target page, but prose and rendered view cannot be told apart in it	-	read the page against its target: migration replaces the VIEW with the artefact page (R1), so only its prose has to be conserved -- and only a human can say which is which here
C4-af162f	conservation	C4	NICHT PRUEFBAR	Extension-Weight.page.md	the source page embeds an element-tree rendering (5 occurrences of the renderer's marker); 1 of 3 runs are in no target page, but prose and rendered view cannot be told apart in it	-	read the page against its target: migration replaces the VIEW with the artefact page (R1), so only its prose has to be conserved -- and only a human can say which is which here
C4-a6c716	conservation	C4	NICHT PRUEFBAR	Extension-instance-details.page.md	the source page embeds an element-tree rendering (5 occurrences of the renderer's marker); 1 of 7 runs are in no target page, but prose and rendered view cannot be told apart in it	-	read the page against its target: migration replaces the VIEW with the artefact page (R1), so only its prose has to be conserved -- and only a human can say which is which here
C4-b8734a	conservation	C4	NICHT PRUEFBAR	Extension-series-contrast.page.md	the source page embeds an element-tree rendering (5 occurrences of the renderer's marker); 1 of 3 runs are in no target page, but prose and rendered view cannot be told apart in it	-	read the page against its target: migration replaces the VIEW with the artefact page (R1), so only its prose has to be conserved -- and only a human can say which is which here
C4-2ceb20	conservation	C4	NICHT PRUEFBAR	Extension-series-sliceThickness.page.md	the source page embeds an element-tree rendering (5 occurrences of the renderer's marker); 1 of 5 runs are in no target page, but prose and rendered view cannot be told apart in it	-	read the page against its target: migration replaces the VIEW with the artefact page (R1), so only its prose has to be conserved -- and only a human can say which is which here
C4-49d110	conservation	C4	DIVERGIERT	FHIR-Profile/Index.page.md	27 of 28 PROSE runs of the source page are in no target page (first: ## FHIR-Profile Die Arbeiten der Kerndatensatzspezifikatione…); 29 generated table row(s) excluded -- migration replaces that view with the artefact page (R1 checks THAT)	-	map the missing text to a target page section, or record the loss in the report's content map
C4-617b3b	conservation	C4	NICHT PRUEFBAR	ImagingProcedure.page.md	the source page embeds an element-tree rendering (5 occurrences of the renderer's marker); 1 of 4 runs are in no target page, but prose and rendered view cannot be told apart in it	-	read the page against its target: migration replaces the VIEW with the artefact page (R1), so only its prose has to be conserved -- and only a human can say which is which here
C4-78e384	conservation	C4	NICHT PRUEFBAR	ImagingStudy/Index.page.md	the source page embeds an element-tree rendering (5 occurrences of the renderer's marker); 5 of 10 runs are in no target page, but prose and rendered view cannot be told apart in it	-	read the page against its target: migration replaces the VIEW with the artefact page (R1), so only its prose has to be conserved -- and only a human can say which is which here
C4-6b5222	conservation	C4	DIVERGIERT	KontextimGesamtprojektBezgezuanderenModulen.page.md	4 of 20 PROSE runs of the source page are in no target page (first: Ebenso wird im **Befundbericht** (DiagnosticReport) und in d…)	-	map the missing text to a target page section, or record the loss in the report's content map
C4-62bcd2	conservation	C4	DIVERGIERT	MIIIGModulBildgebung/Index.page.md	4 of 15 PROSE runs of the source page are in no target page (first: Im Folgenden werden die Use Cases des Moduls, sowie die dazu…); 6 generated table row(s) excluded -- migration replaces that view with the artefact page (R1 checks THAT)	-	map the missing text to a target page section, or record the loss in the report's content map
C4-fe7cae	conservation	C4	NICHT PRUEFBAR	Messung/Extension-SOPInstanceUID.page.md	the source page embeds an element-tree rendering (5 occurrences of the renderer's marker); 0 of 3 runs are in no target page, but prose and rendered view cannot be told apart in it	-	read the page against its target: migration replaces the VIEW with the artefact page (R1), so only its prose has to be conserved -- and only a human can say which is which here
C4-cb4eb9	conservation	C4	NICHT PRUEFBAR	Messung/Extension-SeriesUID.page.md	the source page embeds an element-tree rendering (5 occurrences of the renderer's marker); 0 of 3 runs are in no target page, but prose and rendered view cannot be told apart in it	-	read the page against its target: migration replaces the VIEW with the artefact page (R1), so only its prose has to be conserved -- and only a human can say which is which here
C4-0f9b25	conservation	C4	NICHT PRUEFBAR	Messung/Index.page.md	the source page embeds an element-tree rendering (5 occurrences of the renderer's marker); 1 of 7 runs are in no target page, but prose and rendered view cannot be told apart in it	-	read the page against its target: migration replaces the VIEW with the artefact page (R1), so only its prose has to be conserved -- and only a human can say which is which here
C4-edfb15	conservation	C4	NICHT PRUEFBAR	Observation/Extension-SOPInstanceUID.page.md	the source page embeds an element-tree rendering (5 occurrences of the renderer's marker); 0 of 3 runs are in no target page, but prose and rendered view cannot be told apart in it	-	read the page against its target: migration replaces the VIEW with the artefact page (R1), so only its prose has to be conserved -- and only a human can say which is which here
C4-176b1c	conservation	C4	NICHT PRUEFBAR	Observation/Extension-SeriesUID.page.md	the source page embeds an element-tree rendering (5 occurrences of the renderer's marker); 0 of 3 runs are in no target page, but prose and rendered view cannot be told apart in it	-	read the page against its target: migration replaces the VIEW with the artefact page (R1), so only its prose has to be conserved -- and only a human can say which is which here
C4-d2cd6f	conservation	C4	NICHT PRUEFBAR	Observation/Index.page.md	the source page embeds an element-tree rendering (5 occurrences of the renderer's marker); 1 of 7 runs are in no target page, but prose and rendered view cannot be told apart in it	-	read the page against its target: migration replaces the VIEW with the artefact page (R1), so only its prose has to be conserved -- and only a human can say which is which here
C4-a84b3f	conservation	C4	NICHT PRUEFBAR	ReadProcedure.page.md	the source page embeds an element-tree rendering (5 occurrences of the renderer's marker); 1 of 4 runs are in no target page, but prose and rendered view cannot be told apart in it	-	read the page against its target: migration replaces the VIEW with the artefact page (R1), so only its prose has to be conserved -- and only a human can say which is which here
C4-fe91db	conservation	C4	DIVERGIERT	Referenzen.page.md	4 of 6 PROSE runs of the source page are in no target page (first: Primär betrifft dies den [DICOM Standard]( zwecks FHIR-Profi…)	-	map the missing text to a target page section, or record the loss in the report's content map
C4-03ec0a	conservation	C4	DIVERGIERT	Release-Notes.page.md	3 of 22 PROSE runs of the source page are in no target page (first: - Neue Modalität-Extension für Ultraschall - Neue Extension …)	-	map the missing text to a target page section, or record the loss in the report's content map
C4-f44fa6	conservation	C4	NICHT PRUEFBAR	ServiceRequest.page.md	the source page embeds an element-tree rendering (5 occurrences of the renderer's marker); 1 of 4 runs are in no target page, but prose and rendered view cannot be told apart in it	-	read the page against its target: migration replaces the VIEW with the artefact page (R1), so only its prose has to be conserved -- and only a human can say which is which here
C4-9599f9	conservation	C4	NICHT PRUEFBAR	TNMRadiologicalReadProcedure.page.md	the source page embeds an element-tree rendering (5 occurrences of the renderer's marker); 3 of 3 runs are in no target page, but prose and rendered view cannot be told apart in it	-	read the page against its target: migration replaces the VIEW with the artefact page (R1), so only its prose has to be conserved -- and only a human can say which is which here
C4-fc1144	conservation	C4	NICHT PRUEFBAR	TechnischeImplementierung/Index.page.md	the source page carries NO prose -- 0 generated table row(s) only	-	conservation of a generated view is not a text question; confirm the artefact page replaces it (R1)
C4-dcd614	conservation	C4	DIVERGIERT	Terminologien.page.md	4 of 15 PROSE runs of the source page are in no target page (first: **DICOM** DICOM ist das führende Standardprotokoll für die V…); 3 generated table row(s) excluded -- migration replaces that view with the artefact page (R1 checks THAT)	-	map the missing text to a target page section, or record the loss in the report's content map
C4-cdd650	conservation	C4	DIVERGIERT	UML/Index.page.md	3 of 12 PROSE runs of the source page are in no target page (first: ## UML Als abstraktere Version eines Informationsmodells und…)	-	map the missing text to a target page section, or record the loss in the report's content map
C4-e7a045	conservation	C4	DIVERGIERT	UML_Befund.page.md	2 of 7 PROSE runs of the source page are in no target page (first: ## UML Befund Damit das Modul mit seinen zwei Abschnitten üb…)	-	map the missing text to a target page section, or record the loss in the report's content map
C4-c6bcb6	conservation	C4	IDENTISCH	UML_Meta.page.md	all 4 prose runs present in the target's de corpus	-	-
C5-f09e26	conservation	C5	IDENTISCH	input/includes/menu.xml	all 26 menu entries resolve to a real page	-	-
C5-d64c1f	conservation	C5	IDENTISCH	input/translations/de/includes/menu.xml	all 26 menu entries resolve to a real page	-	-
C5-e81039	conservation	C5	IDENTISCH	18 narrative pages	every one is reachable from a menu entry	-	-
C5-2d86b5	conservation	C5	NICHT PRUEFBAR	target pages without a source counterpart	references/template-pages.tsv is measured at module-template v0.11.1, but this module vendors v0.11.3 -- a stale manifest produces confident wrong findings in both directions	-	re-measure template-pages.tsv at the vendored tag (record the tag in the third column), then re-run
C6-56cdd3	conservation	C6	IDENTISCH	BeschreibungModul.page.md	38 of 39 runs placed, most on index -- the mapped target	-	-
C6-602bb1	conservation	C6	IDENTISCH	BeschreibungvonSzenarienfrdieAnwendungderModule.page.md	8 of 8 runs placed, most on guidance -- the mapped target	-	-
C6-837163	conservation	C6	IDENTISCH	BodyStructure.page.md	4 of 5 runs placed, most on StructureDefinition-mii-pr-bildgebung-koerperstruktur-intro -- the mapped target	-	-
C6-c81fe3	conservation	C6	IDENTISCH	CapabilityStatement.page.md	3 of 6 runs placed, most on capability-statements -- the mapped target	-	-
C6-064d50	conservation	C6	IDENTISCH	CarePlan.page.md	2 of 3 runs placed, most on StructureDefinition-mii-pr-bildgebung-behandlungsempfehlung-intro -- the mapped target	-	-
C6-9892fe	conservation	C6	IDENTISCH	Composition.page.md	3 of 4 runs placed, most on StructureDefinition-mii-pr-bildgebung-semistrukt-befundbericht-intro -- the mapped target	-	-
C6-99764d	conservation	C6	IDENTISCH	ContrastAdministration.page.md	3 of 4 runs placed, most on StructureDefinition-mii-pr-bildgebung-kontrastmittelgabe-intro -- the mapped target	-	-
C6-c80689	conservation	C6	IDENTISCH	Datensaetze_inkl._Beschreibungen.page.md	6 of 6 runs placed, most on logical-models -- the mapped target	-	-
C6-69a3d4	conservation	C6	IDENTISCH	Device.page.md	2 of 3 runs placed, most on StructureDefinition-mii-pr-bildgebung-geraet-intro -- the mapped target	-	-
C6-946fdc	conservation	C6	IDENTISCH	DiagnosticReport.page.md	18 of 19 runs placed, most on StructureDefinition-mii-pr-bildgebung-radiologischer-befund-intro -- the mapped target	-	-
C6-229638	conservation	C6	IDENTISCH	Extension-CT.page.md	4 of 5 runs placed, most on StructureDefinition-mii-ex-bildgebung-modalitaet-ct-intro -- the mapped target	-	-
C6-3df260	conservation	C6	IDENTISCH	Extension-Height.page.md	2 of 3 runs placed, most on StructureDefinition-mii-ex-bildgebung-groesse-intro -- the mapped target	-	-
C6-ffe956	conservation	C6	IDENTISCH	Extension-ImagingReason.page.md	2 of 3 runs placed, most on StructureDefinition-mii-ex-bildgebung-bildgebungsgrund-intro -- the mapped target	-	-
C6-7f05f8	conservation	C6	IDENTISCH	Extension-MG_CR_DX.page.md	3 of 6 runs placed, most on StructureDefinition-mii-ex-bildgebung-modalitaet-mg-cr-dx-intro -- the mapped target	-	-
C6-4be6dd	conservation	C6	IDENTISCH	Extension-MR.page.md	4 of 5 runs placed, most on StructureDefinition-mii-ex-bildgebung-modalitaet-mr-intro -- the mapped target	-	-
C6-dcb19d	conservation	C6	IDENTISCH	Extension-NM.page.md	14 of 15 runs placed, most on StructureDefinition-mii-ex-bildgebung-modalitaet-nm-intro -- the mapped target	-	-
C6-ac2b9c	conservation	C6	IDENTISCH	Extension-PT.page.md	14 of 15 runs placed, most on StructureDefinition-mii-ex-bildgebung-modalitaet-pt-intro -- the mapped target	-	-
C6-13aa0e	conservation	C6	IDENTISCH	Extension-US.page.md	4 of 5 runs placed, most on StructureDefinition-mii-ex-bildgebung-modalitaet-us-intro -- the mapped target	-	-
C6-a1458d	conservation	C6	IDENTISCH	Extension-Weight.page.md	2 of 3 runs placed, most on StructureDefinition-mii-ex-bildgebung-gewicht-intro -- the mapped target	-	-
C6-012709	conservation	C6	IDENTISCH	Extension-instance-details.page.md	6 of 7 runs placed, most on StructureDefinition-mii-ex-bildgebung-instanz-details-intro -- the mapped target	-	-
C6-347e49	conservation	C6	IDENTISCH	Extension-series-contrast.page.md	2 of 3 runs placed, most on StructureDefinition-mii-ex-bildgebung-kontrastmittel-intro -- the mapped target	-	-
C6-eb1ae7	conservation	C6	IDENTISCH	Extension-series-sliceThickness.page.md	4 of 5 runs placed, most on StructureDefinition-mii-ex-bildgebung-serie-schichtdicke-intro -- the mapped target	-	-
C6-ddc83d	conservation	C6	IDENTISCH	FHIR-Profile/Index.page.md	1 of 28 runs placed, most on profiles -- the mapped target	-	-
C6-61f185	conservation	C6	IDENTISCH	ImagingProcedure.page.md	3 of 4 runs placed, most on StructureDefinition-mii-pr-bildgebung-bildgebungsprozedur-intro -- the mapped target	-	-
C6-3da695	conservation	C6	IDENTISCH	ImagingStudy/Index.page.md	5 of 10 runs placed, most on StructureDefinition-mii-pr-bildgebung-bildgebungsstudie-intro -- the mapped target	-	-
C6-1dd4ca	conservation	C6	IDENTISCH	KontextimGesamtprojektBezgezuanderenModulen.page.md	16 of 20 runs placed, most on implementer-guidance -- the mapped target	-	-
C6-062d2c	conservation	C6	IDENTISCH	MIIIGModulBildgebung/Index.page.md	11 of 15 runs placed, most on index -- the mapped target	-	-
C6-a13f49	conservation	C6	IDENTISCH	Messung/Extension-SOPInstanceUID.page.md	3 of 3 runs placed, most on StructureDefinition-mii-ex-bildgebung-sop-instanz-uid-intro -- the mapped target	-	-
C6-81ee2c	conservation	C6	IDENTISCH	Messung/Extension-SeriesUID.page.md	3 of 3 runs placed, most on StructureDefinition-mii-ex-bildgebung-serie-uid-intro -- the mapped target	-	-
C6-ba575e	conservation	C6	IDENTISCH	Messung/Index.page.md	6 of 7 runs placed, most on StructureDefinition-mii-pr-bildgebung-radiologische-messung-intro -- the mapped target	-	-
C6-24220b	conservation	C6	IDENTISCH	Observation/Extension-SOPInstanceUID.page.md	3 of 3 runs placed, most on StructureDefinition-mii-ex-bildgebung-sop-instanz-uid-intro -- the mapped target	-	-
C6-a2b7a0	conservation	C6	IDENTISCH	Observation/Extension-SeriesUID.page.md	3 of 3 runs placed, most on StructureDefinition-mii-ex-bildgebung-serie-uid-intro -- the mapped target	-	-
C6-da9fc9	conservation	C6	IDENTISCH	Observation/Index.page.md	6 of 7 runs placed, most on StructureDefinition-mii-pr-bildgebung-radiologische-beobachtung-intro -- the mapped target	-	-
C6-6e5fd8	conservation	C6	IDENTISCH	ReadProcedure.page.md	3 of 4 runs placed, most on StructureDefinition-mii-pr-bildgebung-radiologische-befundungsprozedur-intro -- the mapped target	-	-
C6-997ea5	conservation	C6	IDENTISCH	Referenzen.page.md	2 of 6 runs placed, most on implementer-guidance -- the mapped target	-	-
C6-23da97	conservation	C6	IDENTISCH	Release-Notes.page.md	19 of 22 runs placed, most on changes -- the mapped target	-	-
C6-93aaae	conservation	C6	IDENTISCH	ServiceRequest.page.md	3 of 4 runs placed, most on StructureDefinition-mii-pr-bildgebung-anforderung-bildgebung-intro -- the mapped target	-	-
C6-8d2119	conservation	C6	IDENTISCH	Terminologien.page.md	11 of 15 runs placed, most on code-systems -- the mapped target	-	-
C6-d0543d	conservation	C6	IDENTISCH	UML/Index.page.md	9 of 12 runs placed, most on uml-diagrams -- the mapped target	-	-
C6-01feb3	conservation	C6	IDENTISCH	UML_Befund.page.md	5 of 7 runs placed, most on uml-diagrams -- the mapped target	-	-
C6-7c1e86	conservation	C6	IDENTISCH	UML_Meta.page.md	4 of 4 runs placed, most on uml-diagrams -- the mapped target	-	-
C7-0209b1	conservation	C7	DIVERGIERT	index	1 of 39 prose runs of the source page BeschreibungModul.page.md are in no target page (C4), and index carries no DERIVED marker at all -- text was rewritten and the guide does not say so	-	mark the passage per spec section 9d (the DERIVED comment plus the visible box, in BOTH language mirrors), or restore the source wording; if the text was deliberately dropped, record that in migration-log/page-map.tsv instead
C7-9191f0	conservation	C7	DIVERGIERT	capability-statements	3 of 6 prose runs of the source page CapabilityStatement.page.md are in no target page (C4), and capability-statements carries no DERIVED marker at all -- text was rewritten and the guide does not say so	-	mark the passage per spec section 9d (the DERIVED comment plus the visible box, in BOTH language mirrors), or restore the source wording; if the text was deliberately dropped, record that in migration-log/page-map.tsv instead
C7-8c8c7d	conservation	C7	DIVERGIERT	profiles	27 of 28 prose runs of the source page FHIR-Profile/Index.page.md are in no target page (C4), and profiles carries no DERIVED marker at all -- text was rewritten and the guide does not say so	-	mark the passage per spec section 9d (the DERIVED comment plus the visible box, in BOTH language mirrors), or restore the source wording; if the text was deliberately dropped, record that in migration-log/page-map.tsv instead
C7-283e85	conservation	C7	DIVERGIERT	implementer-guidance	4 of 20 prose runs of the source page KontextimGesamtprojektBezgezuanderenModulen.page.md are in no target page (C4), and implementer-guidance carries no DERIVED marker at all -- text was rewritten and the guide does not say so	-	mark the passage per spec section 9d (the DERIVED comment plus the visible box, in BOTH language mirrors), or restore the source wording; if the text was deliberately dropped, record that in migration-log/page-map.tsv instead
C7-665d2d	conservation	C7	DIVERGIERT	index	4 of 15 prose runs of the source page MIIIGModulBildgebung/Index.page.md are in no target page (C4), and index carries no DERIVED marker at all -- text was rewritten and the guide does not say so	-	mark the passage per spec section 9d (the DERIVED comment plus the visible box, in BOTH language mirrors), or restore the source wording; if the text was deliberately dropped, record that in migration-log/page-map.tsv instead
C7-86039f	conservation	C7	DIVERGIERT	implementer-guidance	4 of 6 prose runs of the source page Referenzen.page.md are in no target page (C4), and implementer-guidance carries no DERIVED marker at all -- text was rewritten and the guide does not say so	-	mark the passage per spec section 9d (the DERIVED comment plus the visible box, in BOTH language mirrors), or restore the source wording; if the text was deliberately dropped, record that in migration-log/page-map.tsv instead
C7-4f50d8	conservation	C7	DIVERGIERT	changes	3 of 22 prose runs of the source page Release-Notes.page.md are in no target page (C4), and changes carries no DERIVED marker at all -- text was rewritten and the guide does not say so	-	mark the passage per spec section 9d (the DERIVED comment plus the visible box, in BOTH language mirrors), or restore the source wording; if the text was deliberately dropped, record that in migration-log/page-map.tsv instead
C7-fabfa8	conservation	C7	DIVERGIERT	code-systems	4 of 15 prose runs of the source page Terminologien.page.md are in no target page (C4), and code-systems carries no DERIVED marker at all -- text was rewritten and the guide does not say so	-	mark the passage per spec section 9d (the DERIVED comment plus the visible box, in BOTH language mirrors), or restore the source wording; if the text was deliberately dropped, record that in migration-log/page-map.tsv instead
C7-8a1680	conservation	C7	DIVERGIERT	uml-diagrams	3 of 12 prose runs of the source page UML/Index.page.md are in no target page (C4), and uml-diagrams carries no DERIVED marker at all -- text was rewritten and the guide does not say so	-	mark the passage per spec section 9d (the DERIVED comment plus the visible box, in BOTH language mirrors), or restore the source wording; if the text was deliberately dropped, record that in migration-log/page-map.tsv instead
C7-4d5889	conservation	C7	DIVERGIERT	uml-diagrams	2 of 7 prose runs of the source page UML_Befund.page.md are in no target page (C4), and uml-diagrams carries no DERIVED marker at all -- text was rewritten and the guide does not say so	-	mark the passage per spec section 9d (the DERIVED comment plus the visible box, in BOTH language mirrors), or restore the source wording; if the text was deliberately dropped, record that in migration-log/page-map.tsv instead
C7-86fe3f	conservation	C7	NICHT PRUEFBAR	BodyStructure.page.md	C4 could not tell this page's prose from its embedded element-tree rendering, so whether anything was rewritten here is not measured	-	read the page against its target (the same human action C4 asks for) and mark whatever the migration wrote per spec section 9d
C7-13b262	conservation	C7	NICHT PRUEFBAR	CarePlan.page.md	C4 could not tell this page's prose from its embedded element-tree rendering, so whether anything was rewritten here is not measured	-	read the page against its target (the same human action C4 asks for) and mark whatever the migration wrote per spec section 9d
C7-dd82f0	conservation	C7	NICHT PRUEFBAR	Composition.page.md	C4 could not tell this page's prose from its embedded element-tree rendering, so whether anything was rewritten here is not measured	-	read the page against its target (the same human action C4 asks for) and mark whatever the migration wrote per spec section 9d
C7-768f4d	conservation	C7	NICHT PRUEFBAR	ContrastAdministration.page.md	C4 could not tell this page's prose from its embedded element-tree rendering, so whether anything was rewritten here is not measured	-	read the page against its target (the same human action C4 asks for) and mark whatever the migration wrote per spec section 9d
C7-7c5c97	conservation	C7	NICHT PRUEFBAR	Device.page.md	C4 could not tell this page's prose from its embedded element-tree rendering, so whether anything was rewritten here is not measured	-	read the page against its target (the same human action C4 asks for) and mark whatever the migration wrote per spec section 9d
C7-e0f642	conservation	C7	NICHT PRUEFBAR	DiagnosticReport.page.md	C4 could not tell this page's prose from its embedded element-tree rendering, so whether anything was rewritten here is not measured	-	read the page against its target (the same human action C4 asks for) and mark whatever the migration wrote per spec section 9d
C7-f7224c	conservation	C7	NICHT PRUEFBAR	Extension-CT.page.md	C4 could not tell this page's prose from its embedded element-tree rendering, so whether anything was rewritten here is not measured	-	read the page against its target (the same human action C4 asks for) and mark whatever the migration wrote per spec section 9d
C7-cea180	conservation	C7	NICHT PRUEFBAR	Extension-Height.page.md	C4 could not tell this page's prose from its embedded element-tree rendering, so whether anything was rewritten here is not measured	-	read the page against its target (the same human action C4 asks for) and mark whatever the migration wrote per spec section 9d
C7-304944	conservation	C7	NICHT PRUEFBAR	Extension-ImagingReason.page.md	C4 could not tell this page's prose from its embedded element-tree rendering, so whether anything was rewritten here is not measured	-	read the page against its target (the same human action C4 asks for) and mark whatever the migration wrote per spec section 9d
C7-a5fb13	conservation	C7	NICHT PRUEFBAR	Extension-MG_CR_DX.page.md	C4 could not tell this page's prose from its embedded element-tree rendering, so whether anything was rewritten here is not measured	-	read the page against its target (the same human action C4 asks for) and mark whatever the migration wrote per spec section 9d
C7-cf135c	conservation	C7	NICHT PRUEFBAR	Extension-MR.page.md	C4 could not tell this page's prose from its embedded element-tree rendering, so whether anything was rewritten here is not measured	-	read the page against its target (the same human action C4 asks for) and mark whatever the migration wrote per spec section 9d
C7-7f91d2	conservation	C7	NICHT PRUEFBAR	Extension-NM.page.md	C4 could not tell this page's prose from its embedded element-tree rendering, so whether anything was rewritten here is not measured	-	read the page against its target (the same human action C4 asks for) and mark whatever the migration wrote per spec section 9d
C7-83003d	conservation	C7	NICHT PRUEFBAR	Extension-PT.page.md	C4 could not tell this page's prose from its embedded element-tree rendering, so whether anything was rewritten here is not measured	-	read the page against its target (the same human action C4 asks for) and mark whatever the migration wrote per spec section 9d
C7-188434	conservation	C7	NICHT PRUEFBAR	Extension-US.page.md	C4 could not tell this page's prose from its embedded element-tree rendering, so whether anything was rewritten here is not measured	-	read the page against its target (the same human action C4 asks for) and mark whatever the migration wrote per spec section 9d
C7-01b527	conservation	C7	NICHT PRUEFBAR	Extension-Weight.page.md	C4 could not tell this page's prose from its embedded element-tree rendering, so whether anything was rewritten here is not measured	-	read the page against its target (the same human action C4 asks for) and mark whatever the migration wrote per spec section 9d
C7-ec5edc	conservation	C7	NICHT PRUEFBAR	Extension-instance-details.page.md	C4 could not tell this page's prose from its embedded element-tree rendering, so whether anything was rewritten here is not measured	-	read the page against its target (the same human action C4 asks for) and mark whatever the migration wrote per spec section 9d
C7-c3f88b	conservation	C7	NICHT PRUEFBAR	Extension-series-contrast.page.md	C4 could not tell this page's prose from its embedded element-tree rendering, so whether anything was rewritten here is not measured	-	read the page against its target (the same human action C4 asks for) and mark whatever the migration wrote per spec section 9d
C7-610f79	conservation	C7	NICHT PRUEFBAR	Extension-series-sliceThickness.page.md	C4 could not tell this page's prose from its embedded element-tree rendering, so whether anything was rewritten here is not measured	-	read the page against its target (the same human action C4 asks for) and mark whatever the migration wrote per spec section 9d
C7-badcd1	conservation	C7	NICHT PRUEFBAR	ImagingProcedure.page.md	C4 could not tell this page's prose from its embedded element-tree rendering, so whether anything was rewritten here is not measured	-	read the page against its target (the same human action C4 asks for) and mark whatever the migration wrote per spec section 9d
C7-21ffbe	conservation	C7	NICHT PRUEFBAR	ImagingStudy/Index.page.md	C4 could not tell this page's prose from its embedded element-tree rendering, so whether anything was rewritten here is not measured	-	read the page against its target (the same human action C4 asks for) and mark whatever the migration wrote per spec section 9d
C7-7e75f9	conservation	C7	NICHT PRUEFBAR	Messung/Extension-SOPInstanceUID.page.md	C4 could not tell this page's prose from its embedded element-tree rendering, so whether anything was rewritten here is not measured	-	read the page against its target (the same human action C4 asks for) and mark whatever the migration wrote per spec section 9d
C7-9a1214	conservation	C7	NICHT PRUEFBAR	Messung/Extension-SeriesUID.page.md	C4 could not tell this page's prose from its embedded element-tree rendering, so whether anything was rewritten here is not measured	-	read the page against its target (the same human action C4 asks for) and mark whatever the migration wrote per spec section 9d
C7-06e5fd	conservation	C7	NICHT PRUEFBAR	Messung/Index.page.md	C4 could not tell this page's prose from its embedded element-tree rendering, so whether anything was rewritten here is not measured	-	read the page against its target (the same human action C4 asks for) and mark whatever the migration wrote per spec section 9d
C7-c26aee	conservation	C7	NICHT PRUEFBAR	Observation/Extension-SOPInstanceUID.page.md	C4 could not tell this page's prose from its embedded element-tree rendering, so whether anything was rewritten here is not measured	-	read the page against its target (the same human action C4 asks for) and mark whatever the migration wrote per spec section 9d
C7-ae1ea8	conservation	C7	NICHT PRUEFBAR	Observation/Extension-SeriesUID.page.md	C4 could not tell this page's prose from its embedded element-tree rendering, so whether anything was rewritten here is not measured	-	read the page against its target (the same human action C4 asks for) and mark whatever the migration wrote per spec section 9d
C7-595ac8	conservation	C7	NICHT PRUEFBAR	Observation/Index.page.md	C4 could not tell this page's prose from its embedded element-tree rendering, so whether anything was rewritten here is not measured	-	read the page against its target (the same human action C4 asks for) and mark whatever the migration wrote per spec section 9d
C7-2c6654	conservation	C7	NICHT PRUEFBAR	ReadProcedure.page.md	C4 could not tell this page's prose from its embedded element-tree rendering, so whether anything was rewritten here is not measured	-	read the page against its target (the same human action C4 asks for) and mark whatever the migration wrote per spec section 9d
C7-1615aa	conservation	C7	NICHT PRUEFBAR	ServiceRequest.page.md	C4 could not tell this page's prose from its embedded element-tree rendering, so whether anything was rewritten here is not measured	-	read the page against its target (the same human action C4 asks for) and mark whatever the migration wrote per spec section 9d
C7-63d9e1	conservation	C7	NICHT PRUEFBAR	TNMRadiologicalReadProcedure.page.md	C4 could not tell this page's prose from its embedded element-tree rendering, so whether anything was rewritten here is not measured	-	read the page against its target (the same human action C4 asks for) and mark whatever the migration wrote per spec section 9d
F1-093008	fidelity	F1	IDENTISCH	id	mii-ig-bildgebung (identical to the source)	-	-
F1-bacf3c	fidelity	F1	IDENTISCH	packageId	de.medizininformatikinitiative.kerndatensatz.bildgebung (identical to the source)	-	-
F1-489e82	fidelity	F1	IDENTISCH	canonical	https://www.medizininformatik-initiative.de/fhir/ext/modul-b… (identical to the source)	-	-
F1-6cbfea	fidelity	F1	IDENTISCH	version	2027.0.0-ballot (identical to the source)	-	-
F1-8a3995	fidelity	F1	IDENTISCH	status	active (identical to the source)	-	-
F1-b5b102	fidelity	F1	NICHT PRUEFBAR	title	no source value (neither the source tree nor the claims ledger yields one)	-	supply it at Gate A -- an identity field nobody can compare is not a field that matches
F1-7bae24	fidelity	F1	IDENTISCH	license	CC-BY-4.0 (identical to the source)	-	-
F1-5451f2	fidelity	F1	IDENTISCH	publisher	Medizininformatik Initiative (identical to the source)	-	-
F1-f60f40	fidelity	F1	IDENTISCH	fhirVersion	4.0.1 (identical to the source)	-	-
F2-d14403	fidelity	F2	DIVERGIERT	de.basisprofil.r4	target 1.5.4  vs  source pin 1.5.x (the source tree (--source))	-	the source pin is the evidence; a registry dist-tag is not. Restore the pin or make the bump a Gate-A decision
F2-0519f5	fidelity	F2	DIVERGIERT	de.medizininformatikinitiative.kerndatensatz.base	target 2026.0.1  vs  source pin 2026.0.x (the source tree (--source))	-	the source pin is the evidence; a registry dist-tag is not. Restore the pin or make the bump a Gate-A decision
F2-fb1c14	fidelity	F2	DIVERGIERT	de.medizininformatikinitiative.kerndatensatz.medikation	target 2026.0.1  vs  source pin 2026.0.x (the source tree (--source))	-	the source pin is the evidence; a registry dist-tag is not. Restore the pin or make the bump a Gate-A decision
F2-ce5cda	fidelity	F2	DIVERGIERT	de.medizininformatikinitiative.kerndatensatz.meta	target 2026.0.0  vs  source pin 2026.0.x (the source tree (--source))	-	the source pin is the evidence; a registry dist-tag is not. Restore the pin or make the bump a Gate-A decision
F2-6bfaf2	fidelity	F2	IDENTISCH	fhir.dicom	pinned 2025.3.20250714, identical to the source pin (the source tree (--source))	-	-
F2-5a159c	fidelity	F2	IDENTISCH	hl7.fhir.r4.core	declared through `fhirVersion` (4.0.1), not as a dependency -- F1 compares it	-	-
F2-047205	fidelity	F2	IDENTISCH	hl7.fhir.uv.extensions.r4	pinned 5.2.0, identical to the source pin (the source tree (--source))	-	-
F2-fd0e73	fidelity	F2	NICHT PRUEFBAR	hl7.fhir.uv.crmi	target-only dependency 2.0.0 (not in the source)	-	confirm at Gate A that this is template machinery (hl7.fhir.uv.crmi is) and not an accidental addition
F2-8f9355	fidelity	F2	NICHT PRUEFBAR	hl7.terminology.r4	target-only dependency 7.3.0 (not in the source)	-	confirm at Gate A that this is template machinery (hl7.fhir.uv.crmi is) and not an accidental addition
F3-1a29c4	fidelity	F3	IDENTISCH	license	CC-BY-4.0 asserted from tier R (Guide-Narrativ Index.page.md Impressum: '© 2019+ TMF e. V. .…)	-	-
F3-ce21cb	fidelity	F3	IDENTISCH	LICENSE file	no LICENSE file in the target -- nothing contradicts the declared scalar (CC-BY-4.0)	-	-
F4-0eadda	fidelity	F4	IDENTISCH	87 FSH files	no fhir_comments rules, no whitespace-bearing code references	-	-
P1-fded0e	provenance	P1	IDENTISCH	template	rendered de.medizininformatikinitiative.template#1.3.2 == vendored de.medizininformatikinitiative.template#1.3.2	-	-
P2-264584	provenance	P2	IDENTISCH	vendored template ref	v0.11.3 == latest release v0.11.3	-	-
P3-a28a47	provenance	P3	IDENTISCH	IG Publisher version	2.3.2 == the workflow pin	-	-
P3-c39a79	provenance	P3	NICHT PRUEFBAR	IG Publisher currency	the publisher reports itself out of date (current 2.3.3)	-	upgrading the publisher is a target-repository decision, not a migration one -- record it, do not act on it here
P4-379bde	provenance	P4	NICHT PRUEFBAR	source guide version	no `?version=` recorded in the run log or the harvest manifest	-	record the pinned, PUBLISHED guide version like the source commit SHA (spec 5.1c.3)
P5-ae41ea	provenance	P5	IDENTISCH	ig.ini	`ig = fsh-generated/resources/ImplementationGuide-mii-ig-bildgebung.json` exists in the target	-	-
R1-866fe1	rendering	R1	IDENTISCH	output/de	tables, tabs and images all non-empty and resolvable	-	-
R2-48ed52	rendering	R2	DIVERGIERT	output/de id="ig-status" [{{]	on 1 page(s), e.g. searchform.html: Search {{title}} (Current Build)	-	rendered header/footer metadata defect -- qa.txt does not report it. Fix the metadata it renders (a jurisdiction code the template cannot resolve is the measured case)
R1-e1bc49	rendering	R1	IDENTISCH	output/en	tables, tabs and images all non-empty and resolvable	-	-
R2-d1da9a	rendering	R2	DIVERGIERT	output/en id="ig-status" [{{]	on 1 page(s), e.g. searchform.html: Search {{title}} (Current Build)	-	rendered header/footer metadata defect -- qa.txt does not report it. Fix the metadata it renders (a jurisdiction code the template cannot resolve is the measured case)
R1-76f413	rendering	R1	NICHT PRUEFBAR	source-versus-target rendering	no harvested source HTML (./migration-log/guide-harvest/html) and/or no page map	-	harvest with --keep-html and write the page map; without a source rendering, 'non-empty where non-empty in the source' has no reference
R3-c3bc54	rendering	R3	IDENTISCH	output/de	all 18 narrative pages differ from the default language	-	-
R4-84ad62	rendering	R4	NICHT PRUEFBAR	template example links	references/template-artifacts.tsv is verified at module-template v0.11.1, but this module vendors v0.11.3 -- a stale token list looks for the wrong scaffolding in both directions	-	re-verify the token list at the vendored tag (update the `# template_tag:` header), then re-run
R5-932e70	rendering	R5	IDENTISCH	input/translations/de/ImplementationGuide-mii-ig-bildgebung.po	a translated unit for every one of the 19 page titles	-	-
L0-28d3e4	log	L0	IDENTISCH	./migration-log/run.log	1546 parsed lines, 1 runs	-	-
L1-72b929	log	L1	IDENTISCH	silent-partial-success WARNs	the log carries none across 1546 lines	-	-
L2-0e48db	log	L2	IDENTISCH	1 preflight-analysis	present in the log	-	-
L2-5e1c48	log	L2	IDENTISCH	pre.2 classify-source-shape	present in the log	-	-
L2-4fd559	log	L2	IDENTISCH	pre.5 toolchain	present in the log	-	-
L2-541189	log	L2	IDENTISCH	5.1 source-inventory	present in the log	-	-
L2-9a6da6	log	L2	IDENTISCH	2.1 read-identity	present in the log	-	-
L2-23b069	log	L2	NICHT PRUEFBAR	2.1 package-identity	no line in the log; the step is conditional (no sushi-config.yaml in the source)	-	confirm the condition did not hold -- The published package is the only machine source for the dependency PINS (spec §2.1.1).
L2-7163a2	log	L2	NICHT PRUEFBAR	2.1 repo-identity	no line in the log; the step is conditional (no sushi-config.yaml in the source)	-	confirm the condition did not hold -- The repository's LICENSE text is the only machine source for `license` — the field that must never default (spec §2.2).
L2-07bdbb	log	L2	NICHT PRUEFBAR	5.1c simplifier-discover	no line in the log; the step is conditional (no rendered-IG URL was supplied)	-	confirm the condition did not hold -- Without the discovery chain the guide is not found, and a migration then ships the template's starter pages.
L2-930ba2	log	L2	NICHT PRUEFBAR	5.1d guide-harvest	no line in the log; the step is conditional (the narrative is not in the repository)	-	confirm the condition did not hold -- This is the step whose absence shipped the template's starter pages under a module's name.
L2-91b7ea	log	L2	NICHT PRUEFBAR	5.1b.2 gofsh-input	no line in the log; required only for source shape B, which the log does not state	-	record the shape (pre.2 classify-source-shape) -- The input count, taken BY CONTENT, is the number goFSH's own counts are reconciled against.
L2-f0a960	log	L2	NICHT PRUEFBAR	5.1b.2 gofsh-convert	no line in the log; required only for source shape B, which the log does not state	-	record the shape (pre.2 classify-source-shape) -- goFSH exits 0 having converted 1 of 20 inputs when `-t json-and-xml` is missing; only this line's counts show it.
L2-395531	log	L2	NICHT PRUEFBAR	5.1b.3 sushi-before	no line in the log; required only for source shape B, which the log does not state	-	record the shape (pre.2 classify-source-shape) -- The "41" of 41 → 5: without the baseline the repair's effect is unmeasurable.
L2-837623	log	L2	NICHT PRUEFBAR	5.1b.3 postprocess-gofsh	no line in the log; required only for source shape B, which the log does not state	-	record the shape (pre.2 classify-source-shape) -- The two mechanical repairs; a parse error otherwise TRUNCATES a file while SUSHI still exports the instance.
L2-41942e	log	L2	NICHT PRUEFBAR	5.1b.3 sushi-after	no line in the log; required only for source shape B, which the log does not state	-	record the shape (pre.2 classify-source-shape) -- The "5": the residual, which must be named unresolvable parents and nothing else.
L2-cd2674	log	L2	NICHT PRUEFBAR	5.1b.5 parent-snapshots	no line in the log; the step is conditional (a parent package ships no snapshots)	-	confirm the condition did not hold -- A hand-rolled snapshot fabricates a parent; the detect run is what proves none was needed.
L2-666ef6	log	L2	IDENTISCH	5.2 skeleton-vendored	present in the log	-	-
L2-200a9d	log	L2	IDENTISCH	5.2 sushi-skeleton	present in the log	-	-
L2-9a700e	log	L2	IDENTISCH	5.3 transfer-artefacts	present in the log	-	-
L2-8fadca	log	L2	IDENTISCH	5.4 fql-scan	present in the log	-	-
L2-ec69ec	log	L2	IDENTISCH	5.4a optional-page-decisions	present in the log	-	-
L2-b6ec8c	log	L2	IDENTISCH	5.4b security-privacy-decision	present in the log	-	-
L2-254dc3	log	L2	IDENTISCH	5.4c page-routing	present in the log	-	-
L2-21c0ec	log	L2	IDENTISCH	5.4d derived-scan	present in the log	-	-
L2-a85d96	log	L2	IDENTISCH	5.5 gen-page-title-po	present in the log	-	-
L2-619c38	log	L2	IDENTISCH	5.6 sushi-build	present in the log	-	-
L2-a60619	log	L2	IDENTISCH	5.6 ig-publisher	present in the log	-	-
L2-d8144d	log	L2	IDENTISCH	5.6a sibling-skill-check	present in the log	-	-
L2-bce311	log	L2	IDENTISCH	7 prepost-delta	present in the log	-	-
L2-3b5912	log	L2	IDENTISCH	11 verify-migration	present in the log	-	-
L3-d86477	log	L3	IDENTISCH	open identity contradictions	the log records no `identity-contradiction:` WARN	-	-
L3-8766f8	log	L3	IDENTISCH	identity ledger	migration-log/identity-claims.tsv present, 10 claim(s)	-	-
L4-106e61	log	L4	NICHT PRUEFBAR	conversion count	no `gofsh-convert … actual=` line in the log	-	shape B only; for shape A there is nothing to convert
L4-f17740	log	L4	NICHT PRUEFBAR	page count	no harvested count in the log and/or no harvest manifest	-	harvest the guide (step 2c) where the narrative is not in the repo
L4-40cf60	log	L4	IDENTISCH	artifact count	artifacts.html lists 73 for 73 generated resources	-	-
